[
  {
    "title": "Human Factors for Collaborative Decision Making for Secure Architecture Design",
    "author": "Robin Theveniaut",
    "year": "2023",
    "supervisors": "Brahim HAMID (IRIT), Jason JASKOLKA (Carlton Univ., Canada)",
    "description": "Un framework pour la prise en compte des facteurs humains dans la prise de décision collaborative pour la conception d’architectures sécurisées sous la direction de Brahim HAMID (IRIT), Jason JASKOLKA (Carlton Univ., Canada) depuis le 01/09/2023"
  },
  {
    "title": "Sécurité des systèmes cyber-physiques avec l'humain dans la boucle",
    "author": "chris verschelden",
    "year": "2024",
    "supervisors": "Brahim HAMID (IRIT) et Abdelhakim Baouya (IRIT)",
    "description": "Cette thèse s’intéresse à la sécurité des systèmes cyber-physiques (CPS) intégrant l’humain dans la boucle (Human-in-the-Loop Systems). Elle vise à analyser, modéliser et renforcer la résilience de ces systèmes face aux menaces cybernétiques et aux erreurs humaines. L’approche proposée combine des méthodes issues de la cybersécurité, du contrôle automatique et de l’ingénierie des facteurs humains pour concevoir des mécanismes de détection, de prévention et de réponse adaptés aux interactions complexes entre l’humain, le logiciel et le monde physique sous la direction de Brahim HAMID (IRIT) et Abdelhakim Baouya (IRIT). depuis le 01/09/2024"
  }
]
